id,alpha,beta,mu_c,shape,characteristic_time,peak_amplitude,tau,X^2,bic
0.0,4.841517508070547,0.5781934481799998,-2.3258086237082978,7.3656667840729355,7.1536832757254185,0.26340316495675753,1.3486857107966737,5490.848674811813,6921.230575057105
1.0,7.778680591754947,0.5548438302569506,-0.15593126462649223,5.801062618663431,5.325826119393467,0.8172759742599567,0.22380344401316005,606.3890951472783,2287.949350804237
2.0,12.04480933438379,0.6231658946241634,-0.20428700057141258,9.086741822117537,4.70127994580454,0.11798801033000894,1.7806095780621882,665.8027751736565,2276.1945808562596
3.0,2.2346166282000866,0.657291279057792,-2.2884061519981067,8.982986968774414,4.1688319215724166,0.8990429664459602,1.1909914492120512,5420.225045081321,6913.962059383667
4.0,15.06045574186102,0.45479256619483377,0.27898423810786144,5.177572900951702,4.69913743322164,0.6551487785662256,4.16646420354499,97.01572105134446,1910.7084102831195
