id,alpha,beta,mu_c,shape,characteristic_time,peak_amplitude,tau,X^2,bic
101.0,0.08930486777115115,0.3414435990823803,0.20396903892147766,4.4036057690609045,0.7131337125474292,0.18429747057064497,0.2547364215616973,94.17037334369685,2286.323977316253
