id,alpha,beta,mu_c,shape,characteristic_time,peak_amplitude,tau,X^2,bic
0.0,1.334839454527943,0.1315610716918858,4.703270165050129,8.5369896327038,2.784208823438841,0.7438720518845932,0.6119946422023365,44.69204462250223,2163.2409852111896
1.0,1.440340458593632,0.35946242625408287,3.4818303534280206,7.487983920386118,5.060998281217418,0.7041092605160095,1.0486209457031395,59.82705313128727,2322.745756787506
2.0,0.8977916163147464,0.15246558012274558,-7.897050609128236,8.70056104704673,7.766065241036556,0.5992438551892221,0.8597265382964686,84.52615670617358,2081.897523665401
3.0,1.6122553349752948,0.23822235683338355,0.40540683365472213,7.67860755148549,8.01701679263867,0.7604687250737086,1.6804537676285833,46.92719378816099,2173.042386771456
4.0,1.725830465050143,0.3257300772038633,-0.716177311595631,3.9597260699119468,9.518259903206275,0.24928399773972876,0.027487930622581844,320.86461405886365,2444.9187303036438
