id,alpha,beta,mu_c,shape,characteristic_time,peak_amplitude,tau,X^2,bic
1.0,0.09669385556922663,0.29977727214421956,0.3458512155683779,4.393106047852955,0.7157179906642531,0.3849539652623143,0.21494940137465046,77.27028824031369,2152.1990590758933
