id,alpha,beta,mu_c,shape,characteristic_time,peak_amplitude,tau,X^2,bic
0.0,13.286849091232762,0.9795500432082476,0.49752461447527097,6.813546338791815,7.012654308457982,0.1434211809039878,4.518226972983644,5979.801125641562,7770.2028367614785
1.0,13.286849091232762,0.9795500432082476,0.49752461447527097,6.813546338791815,7.012654308457982,0.1434211809039878,4.518226972983644,6012.417384943546,7802.819096063462
2.0,15.979187351652332,0.0030367131934209354,5.981269028777767,2.0284790772161014,4.833614780934086,0.5239620060091068,0.14447246522691945,625.0981892899276,2415.4999004098427
3.0,13.286849091232762,0.9795500432082476,0.49752461447527097,6.813546338791815,7.012654308457982,0.1434211809039878,4.518226972983644,5979.801125641562,7770.2028367614785
4.0,13.286849091232762,0.9795500432082476,0.49752461447527097,6.813546338791815,7.012654308457982,0.1434211809039878,4.518226972983644,5979.801125641562,7770.2028367614785
