id,alpha,beta,mu_c,shape,characteristic_time,peak_amplitude,tau,X^2,bic
0.0,2.144077006477997,0.6592401611133578,-2.316069775975609,7.534141293742128,4.253076551407389,0.9798036241645787,1.0985040498482086,3899.0761705423474,5519.572717575963
1.0,16.63648721754171,0.6813908806887596,-0.19505174569633715,5.430879132101808,8.922808268076201,0.8600337177273336,3.5921436049267,4918.282189315513,6708.683900435429
2.0,17.297504166211283,0.8000506035752786,-0.13140687219265917,6.589679280064236,9.725730355421405,0.9244440489810668,2.810044414040445,1460.5907088115534,3250.9924199314682
3.0,10.506372781869537,0.18419969545246173,4.019934035688241,5.163084799979659,0.1191588246071742,0.8358193838762487,1.4781147767081713,819.3163782405975,2609.718089360512
4.0,13.876197421280425,0.8960154785043895,0.5176925507434788,7.130794095453169,7.331812475892717,0.13944642240213403,4.987453748786969,1008.4492530657504,2798.850964185665
