id,alpha,beta,mu_c,shape,characteristic_time,peak_amplitude,tau,X^2,bic
1.0,14.705100031634908,0.8143929487534756,0.5147520293784181,7.144547581411952,7.222049846872073,0.14765377553048156,4.998448759741982,215.52743507424069,2005.9291461941573
