id,alpha,beta,mu_c,shape,characteristic_time,peak_amplitude,tau,X^2,bic
1.0,0.10963451047975568,0.2188436180049228,0.45872750333878176,4.21878303539096,0.4654731122515857,0.10244100337958019,0.2280375068773868,60.08928102593526,2009.7713398809624
