id,alpha,beta,mu_c,shape,characteristic_time,peak_amplitude,tau,X^2,bic
0.0,14.096263982905576,0.8250473160496095,0.4950992776887452,7.691593213107702,7.811307999106636,0.15172709866977024,4.810822954537119,318.2320198367111,2108.6337309566256
1.0,18.04207655844842,0.699575103659378,3.7659551940328733,5.484268698469247,9.089561805368337,0.3925451846859338,4.2264630455582255,431.16531278967153,2221.567023909586
2.0,14.959641079002662,0.9201857783017484,0.5058936032831989,6.799003818965213,7.431963492416559,0.13779876355114934,4.830953379253683,1481.2957235892413,3271.697434709156
3.0,11.2997241011773,0.17871684421624415,3.7270358506095147,5.441242289221697,0.11855967751697925,0.8241041516531706,1.4981387167439975,359.79390233400227,2150.195613453917
4.0,3.260754698120075,0.6585975156584182,1.4393922883924213,2.68019361393229,6.61196541570564,0.9879687082293765,1.8691635390627463,231.33853097325988,2021.7402420931767
