id,alpha,beta,mu_c,characteristic_time,peak_amplitude,tau,X^2,bic
1.0,0.08391156672762257,0.29468663091144137,0.32551520204366363,0.8014763807573254,0.025014041670506332,0.2417512000476544,94.90877473165318,2164.316084649371
