id,alphaSS,betaSS,deltaSS,alphaRS,betaRS,delta_target,delta_flanker,deltaRS,tau,X^2,bic
1.0,0.3399429196765994,0.7797791146617176,0.4826398170505304,0.2741840484097568,0.9953908115881092,0.1461101959498724,0.05576659693234366,0.8883335046428285,0.24221043988943014,276.22011807657196,2242.4665596851846
