id,alphaSS,betaSS,deltaSS,alphaRS,betaRS,delta_target,delta_flanker,deltaRS,tau,X^2,bic
1.0,0.36982525382758447,0.8339606965358892,0.4035554213562085,0.1822744899652,0.9681431462076446,0.14442303877508217,0.11540017788403689,0.7190330707921418,0.21208536524829824,731.2019223458384,2822.695075935005
