id,alphaSS,betaSS,deltaSS,alphaRS,betaRS,delta_target,delta_flanker,deltaRS,tau,X^2,bic
0.0,12.031531735364165,0.8528559274760908,-0.40989061704983315,9.337008686271988,0.5024595119387811,-0.9959568744842284,0.39015086912207075,-0.7350324165462463,0.013193477432074231,68.4001089398082,1509.8249310208237
1.0,19.252875817050466,0.004928383009357693,-0.47060928949799835,13.033994910098237,0.16881291018393774,-0.20919218561458613,0.6859842390292072,-0.9424610748547868,0.09373555630467738,1233.0397629750598,2925.6429404677424
2.0,16.02904784134323,0.22103134286768344,-0.08796039804862021,1.6970275945415088,0.5041587574849838,-0.36689395010397596,-0.46981941957058193,0.22791847045034352,2.5593823049777207,57.20606080017193,1678.6407883185
3.0,14.040065094715441,0.5615458850293659,-0.5658527510118359,11.51983428044176,0.15873259715664767,-0.7702789022667627,-0.06620468571282395,-2.92931599520134,0.3511765802546982,155.81850263352516,1660.5984387715953
4.0,10.876756065624225,0.9378373345989639,0.30798520214774183,14.824437997399322,0.6682290788944685,0.14466299898126983,0.12846187248242935,-1.303327491842533,3.750945275892776,385.9368944534721,2210.67250552097
