id,alphaSS,betaSS,delta_flanker_deltaSS_ratio,alphaRS,betaRS,delta_target,deltaRS,tau,X^2,bic
1.0,0.26397707169528695,0.9044925895498808,0.2736065548166685,0.14007889319905126,0.5081986681879543,0.14993150018682497,0.657547445104304,0.17576842764039968,314.15926615022096,2400.130958821526
