id,alphaSS,betaSS,deltaSS,alphaRS,betaRS,delta_target,delta_flanker,deltaRS,tau,X^2,bic
1.0,0.2418532920386678,0.19387308294897976,-0.7365792499888781,5.873054962028677,0.48770510517217225,0.9884550354650044,0.6586469877046004,0.411544241332658,1.9658559983158703,6404.156282944012,8383.494599924195
