id,alphaSS,betaSS,deltaSS,alphaRS,betaRS,delta_target,delta_flanker,deltaRS,tau,X^2,bic
1.0,14.233088974398305,0.14319142426468556,0.1918841483893745,15.472987857922874,0.5748037127448934,0.9659001876226407,0.9820308646832152,2.429284769963212,0.26496048772351255,6404.156282944012,8383.494599924195
2.0,17.092954732755157,0.42239472744797524,-0.6422505903695315,13.905592976948489,0.47689498243103146,0.30653508180248634,0.12140100071139126,-0.2423270753310578,1.3783273147444544,6397.576866896049,8363.131945740892
3.0,8.413521621402348,0.43232958418429507,-0.9565912589734459,12.33540786478092,0.7742327724981177,0.28037876784394244,0.662098170859341,-2.837732400444447,3.112050545075262,6388.967306769921,8395.042066591077
4.0,7.652810574665885,0.4725901294862082,0.803539691017381,12.055639892094907,0.5934483982945173,0.0784812292821437,0.8025068264165762,-0.9957147990786532,3.957081118228169,6304.465888095736,8370.144974960645
5.0,10.770480377240512,0.6505215064714261,0.40213155703987535,10.993955509748018,0.727233126557256,0.24230537587822942,-0.22175361934919546,2.4265099230815976,2.9419195087651766,6475.799090447643,8332.649567289513
