id,alpha,beta,eta,eta_r,shape,characteristic_time,peak_amplitude,tau,X^2,bic
1.0,0.10846196206920043,0.27429311250692995,0.11999675239111385,-0.5846340152335039,2.5251428188575122,0.4050590812800591,0.055804325116532244,0.2658729212147295,50.128162842696945,2010.8531435334487
