id,alpha,beta,eta,eta_r,shape,characteristic_time,peak_amplitude,tau,X^2,bic
1.0,0.1491988510322937,0.4145394746315518,0.35398538271167856,1.69063698071368,2.1487108253370475,0.5523480557578957,0.13830692884801027,0.26135320625271596,25.90867109768638,2111.880363768991
