id,alpha,beta,eta,eta_r,characteristic_time,peak_amplitude,tau,X^2,bic
1.0,0.11066992614151651,0.2890661142581102,0.09633901809414036,-2.336484647207664,0.5803794424981048,0.06703346993174228,0.26797200198482307,39.065069585003904,1994.2685893578932
