id,alphaSS,betaSS,etaSS,alphaRS,betaRS,etaS1,etaS2,eta_r,tau,X^2,bic
1.0,0.3409140661980987,0.8128508546872706,0.27509824025438623,0.3106882581923012,0.9970705165090935,0.13423747902350314,0.15364295513260343,0.473599641311393,0.278013391930793,433.6346420331458,2399.881083641759
