id,alphaSS,betaSS,etaSS,alphaRS,betaRS,etaS1,etaS2,eta_r,tau,X^2,bic
1.0,0.16341064651542775,0.8792722906712447,0.2660070957987244,0.14728130683177637,0.548352457120982,0.14940196604024222,0.20509269762272364,0.40666024046547167,0.20136679876179256,322.853987373456,2414.3471409626222
