id,alpha,beta,eta,eta_r,sd_0,sd_r,tau,X^2,bic
1.0,0.09085175300584669,0.19065737687828432,-0.19890922249209297,-4.8815263438489085,0.3439139217629714,0.01745620023334918,0.2003549033135505,45.96894112589624,2001.1724608987859
