id,alpha,beta,eta,eta_r,sd_0_sd_r_ratio,tau,X^2,bic
1.0,0.09812290334364707,0.14550334465052905,-0.13019758610907828,3.3025456918792093,15.200772159187977,0.18017710802341466,53.948381854391734,2003.6304407094183
