id,alpha,eta,eta_r,sd_0,sd_r,tau,X^2,bic
1.0,0.2475001269037685,0.8418153742970254,2.386915049322958,0.28701117841884205,0.02394732209361297,0.19985524564275167,187.9490652157998,2134.9632293165487
2.0,0.17849590172290572,0.4051224220689891,4.219605439148835,0.47816244973272615,0.019585391877254936,0.17805362732403665,240.45877754505736,2180.1019713450582
3.0,0.21297449830674622,0.9839541897991937,2.230932814770513,0.5813133099118075,0.017047223462474812,0.16420728633310985,215.31744290691765,2242.1313701659124
4.0,0.2430285758285,0.8061292815360457,3.319388302710003,0.5085136107553957,0.015122455467290907,0.17659069380844572,167.01960636546877,2211.035657780457
5.0,0.19445587072333864,0.3388606522001745,1.1046066607614866,0.3111024878297486,0.017708293153004026,0.16769936551050332,71.21758557886382,1910.6025912160535
