id,alpha,eta,eta_r,sd_0_sd_r_ratio,tau,X^2,bic
1.0,0.10820032518917008,0.1373336785037138,2.5298449206854254,26.21612972982505,0.29859671867786286,112.29688863117732,2053.7895918140644
2.0,0.0902141110370861,0.06438327844615288,-2.764140164587804,28.38223451734422,0.29755663987340375,180.72690931481932,2114.8486421969583
3.0,0.09587962638153807,0.1599573235554408,2.5266193653443447,20.64422646131129,0.26308867235276256,50.038296095604544,2071.3307624367376
4.0,0.09233161722808617,0.117833097600333,1.5980734884407688,25.79222021428343,0.28652215315799223,80.36661221665275,2118.8612027137788
5.0,0.07039961628357733,-0.11863160141053375,4.155830371641354,21.8383343794187,0.3459034138688595,66.59357317007886,1900.4571178894064
