id,alpha,beta,eta,eta_r,sd_0,sd_r,tau,X^2,bic
1.0,0.09036836041862036,0.3487412541519152,0.04384198897696234,1.071349342512521,0.42259607918179176,0.01629868256841757,0.2444552777692297,56.01843432518309,2136.468666078626
