id,alpha,beta,p,sd_0,sd_r,tau,X^2,bic
1.0,0.09862267697314475,0.3342902504842285,0.38503943163992865,0.3790653050809514,0.012869837093515014,0.24797293644886448,74.47748459121924,2024.1595434462463
