id,alpha,beta,p,sd_0,sd_r,tau,X^2,bic
1.0,0.18919359633886806,0.449874973058052,0.5104543947461295,1.00002742814429,0.022190127584468818,0.3278194459173268,408.32169252281,2371.095626749411
