id,alpha,beta,p,sd_0,sd_r,tau,X^2,bic
0.0,6.539861279680774,0.019689346702928594,0.0003521614751118397,9.174602934330236,45.08982815982342,4.850146055003531,578.0038385543384,2002.864277881767
1.0,2.5260073467908395,0.055623935968328264,0.002677691122456638,5.112914948462853,36.218040000195494,3.3227287233919256,2747.098040137171,4423.136834876268
2.0,6.6600651536341315,0.30721520921469414,0.22753259556398056,5.6379446233194255,14.954348182009202,2.2573683124588726,5939.304807602756,7544.1751523674975
3.0,5.024116521340193,0.028162756569042845,0.0005402267437206731,9.31410254147622,43.5916930061145,3.375059936365336,862.3167009176315,2350.532254302115
4.0,6.045389912537418,0.5940806767060985,0.10905690867864878,1.5745541638376404,42.34073194942389,1.9107064291873772,469.5655412552777,2277.736769569189
