id,alpha,beta,p,sd_0,sd_r,tau,X^2,bic
0.0,4.618192856130247,0.03315599006466169,1.0983688785047738,0.18097375715277275,62.9265628021971,2.925349108893844,1734.5848983949659,3519.465148597018
1.0,3.9843626291229572,0.2992598681646884,1.5556555947560597,4.318989325488835,57.206197978491616,3.8160858361966756,132.69879072609086,1917.579040928145
2.0,4.72537381342147,0.03226757013161409,1.1038337237950242,0.17882945999065825,60.49202297225142,3.0850297036899805,260.99113183529596,2045.8713820373503
3.0,13.537986457185458,0.709197890025468,1.9724277362929836,9.540632760025726,8.13637649960536,1.9111826734811115,3649.7291027842875,5434.609352986341
4.0,18.21600825395042,0.3571817586345363,0.9375403205507045,0.7961309015596418,76.17794564454343,2.092939052734733,6541.238986232474,8326.119236434528
