id,alpha,beta,p,sd_0,sd_r,tau,X^2,bic
0.0,0.15763191780269076,0.3976550139287171,0.3384698270806774,2.1303866731733634,0.01818898662883449,2.699063519684545,675.9190779797775,2258.541945400398
