id,alpha,beta,p,sd_0,sd_r,tau,X^2,bic
1.0,2.6811286254177156,0.6460550595872332,0.18454416336226787,1.2802802019312232,45.931243139224236,4.580138526825247,439.25695222826926,2224.1372024303214
