id,alpha,beta,p,sd_0,sd_r,tau,X^2,bic
1.0,0.18979294186374285,0.44949373737955217,0.43152840133485953,1.0036198681657424,0.02264913713996558,0.32790844681742815,407.4636692288359,2370.237603455437
