id,alpha,beta,p,sd_0,sd_r,tau,X^2,bic
0.0,6.679827554426381,0.0034586582265669352,0.3897036121875118,7.521897070923984,28.089330306129956,0.1873305379423731,4825.566737719381,6178.421367362546
