id,alpha,beta,p,sd_0,sd_r,tau,X^2,bic
0.0,2.458847304839062,0.6109030361120688,0.22505378986726918,1.2556102236044322,44.8288318573221,4.536014569293074,109.79597430926162,1894.6762245113157
1.0,6.719742725539731,0.003767086797329477,0.39182528171618264,7.0987599035991344,29.99161387319655,0.18250443851062814,2029.2432342891354,3814.1234844911874
2.0,19.496735698487758,0.938998558147134,0.9605095716462213,1.986907963796192,83.88759606492731,1.5640334569098913,469.23671871728726,2254.1169689193393
3.0,2.60371326797984,0.6352903764896052,0.21656173043601903,1.2605314959909535,45.22646664309304,4.3138320236470555,1037.7762776310515,2822.656527833104
4.0,2.7161482556128025,0.6105344706864233,0.18923863578372896,1.302986000467628,45.65283584922969,4.771294333120709,694.9618356604554,2479.8420858625077
