id,alpha,beta,p,sd_0,sd_r,tau,X^2,bic
0.0,7.07566918728128,0.0036636157511042346,0.43343701755522135,7.5288617904340995,26.840915625857527,0.1838614539064033,5394.792764668959,7009.767850784713
1.0,6.621184349558989,0.003563192889930481,0.4040078908653135,7.52327281798771,27.871949457738896,0.1866452867747741,3378.728271808349,5163.608522010402
2.0,6.35678198191901,0.44077217002474844,0.3887152115020962,3.164189095809107,21.85273320775694,4.523362219914024,1161.8154158006785,2946.6956660027304
3.0,3.756958979992899,0.8858270961677057,0.4575400792111378,2.495904801890992,36.536497121411585,2.5022617908701323,395.12023890760025,2180.000489109653
4.0,4.858545660312778,0.032054265695009215,1.0868130383614394,0.17084951086355926,60.916120479671534,3.174041137266749,632.1841081460288,2417.064358348081
