id,alpha,beta,p,sd_0,sd_r,tau,X^2,bic
1.0,0.7671620008211075,0.12639981246859067,0.9415622589085555,5.980639323887226,77.91865348894143,1.9790138089499147,6404.173194406539,8366.947128633139
