id,alpha,beta,p,sd_0,sd_r,tau,X^2,bic
1.0,0.08858481750690046,0.31876518854495345,0.3787288425633042,0.4104781915465293,0.010785075637543877,0.23481722476143824,67.27881809239229,2142.207588927972
