id,alpha,beta,p,sd_0,sd_r,tau,X^2,bic
0.0,3.941649947716899,0.2563155167257759,1.249376557832835,9.321638073781816,51.568790946643844,0.7185506208918659,2800.7739817025727,4585.654231904626
