id,alpha,beta,p,sd_0_sd_r_ratio,tau,X^2,bic
1.0,0.08459568062931984,0.3817992911022914,0.31556933753090854,25.089109208940197,0.24462337170996618,64.79670234759905,2134.204012265317
