id,alpha,beta,p,sd_0_sd_r_ratio,tau,X^2,bic
1.0,0.10843985108217392,0.2944464607066587,0.4406036901627737,22.82800250757411,0.23319137465783527,78.19747556790144,2022.358073505066
